,start_date,ride_count,month,year,m_y
0,2019-01-01,501,1,2019,1-2019
1,2019-01-02,666,1,2019,1-2019
2,2019-01-03,723,1,2019,1-2019
3,2019-01-04,797,1,2019,1-2019
4,2019-01-05,273,1,2019,1-2019
5,2019-01-06,374,1,2019,1-2019
6,2019-01-07,477,1,2019,1-2019
7,2019-01-08,746,1,2019,1-2019
8,2019-01-09,782,1,2019,1-2019
9,2019-01-10,769,1,2019,1-2019
10,2019-01-11,743,1,2019,1-2019
11,2019-01-12,467,1,2019,1-2019
12,2019-01-13,566,1,2019,1-2019
13,2019-01-14,236,1,2019,1-2019
14,2019-01-15,372,1,2019,1-2019
15,2019-01-16,228,1,2019,1-2019
16,2019-01-17,344,1,2019,1-2019
17,2019-01-18,771,1,2019,1-2019
18,2019-01-19,786,1,2019,1-2019
19,2019-01-20,531,1,2019,1-2019
20,2019-01-21,548,1,2019,1-2019
21,2019-01-22,690,1,2019,1-2019
22,2019-01-23,723,1,2019,1-2019
23,2019-01-24,738,1,2019,1-2019
24,2019-01-25,909,1,2019,1-2019
25,2019-01-26,805,1,2019,1-2019
26,2019-01-27,784,1,2019,1-2019
27,2019-01-28,718,1,2019,1-2019
28,2019-01-29,787,1,2019,1-2019
29,2019-01-30,785,1,2019,1-2019
30,2019-01-31,569,1,2019,1-2019
31,2019-02-01,846,2,2019,2-2019
32,2019-02-02,203,2,2019,2-2019
33,2019-02-03,206,2,2019,2-2019
34,2019-02-04,399,2,2019,2-2019
35,2019-02-05,506,2,2019,2-2019
36,2019-02-06,650,2,2019,2-2019
37,2019-02-07,748,2,2019,2-2019
38,2019-02-08,768,2,2019,2-2019
39,2019-02-09,615,2,2019,2-2019
40,2019-02-10,315,2,2019,2-2019
41,2019-02-11,670,2,2019,2-2019
42,2019-02-12,672,2,2019,2-2019
43,2019-02-13,470,2,2019,2-2019
44,2019-02-14,492,2,2019,2-2019
45,2019-02-15,635,2,2019,2-2019
46,2019-02-16,647,2,2019,2-2019
47,2019-02-17,403,2,2019,2-2019
48,2019-02-18,611,2,2019,2-2019
49,2019-02-19,861,2,2019,2-2019
50,2019-02-20,676,2,2019,2-2019
51,2019-02-21,685,2,2019,2-2019
52,2019-02-22,795,2,2019,2-2019
53,2019-02-23,658,2,2019,2-2019
54,2019-02-24,652,2,2019,2-2019
55,2019-02-25,585,2,2019,2-2019
56,2019-02-26,636,2,2019,2-2019
57,2019-02-27,611,2,2019,2-2019
58,2019-02-28,676,2,2019,2-2019
59,2019-03-01,780,3,2019,3-2019
60,2019-03-02,302,3,2019,3-2019
61,2019-03-03,1055,3,2019,3-2019
62,2019-03-04,695,3,2019,3-2019
63,2019-03-05,641,3,2019,3-2019
64,2019-03-06,278,3,2019,3-2019
65,2019-03-07,638,3,2019,3-2019
66,2019-03-08,646,3,2019,3-2019
67,2019-03-09,459,3,2019,3-2019
68,2019-03-10,567,3,2019,3-2019
69,2019-03-11,683,3,2019,3-2019
70,2019-03-12,700,3,2019,3-2019
71,2019-03-13,633,3,2019,3-2019
72,2019-03-14,677,3,2019,3-2019
73,2019-03-15,788,3,2019,3-2019
74,2019-03-16,600,3,2019,3-2019
75,2019-03-17,634,3,2019,3-2019
76,2019-03-18,710,3,2019,3-2019
77,2019-03-19,735,3,2019,3-2019
78,2019-03-20,708,3,2019,3-2019
79,2019-03-21,662,3,2019,3-2019
80,2019-03-22,695,3,2019,3-2019
81,2019-03-23,615,3,2019,3-2019
82,2019-03-24,647,3,2019,3-2019
83,2019-03-25,707,3,2019,3-2019
84,2019-03-26,744,3,2019,3-2019
85,2019-03-27,753,3,2019,3-2019
86,2019-03-28,782,3,2019,3-2019
87,2019-03-29,669,3,2019,3-2019
88,2019-03-30,583,3,2019,3-2019
89,2019-03-31,528,3,2019,3-2019
90,2019-04-01,623,4,2019,4-2019
91,2019-04-02,725,4,2019,4-2019
92,2019-04-03,754,4,2019,4-2019
93,2019-04-04,660,4,2019,4-2019
94,2019-04-05,690,4,2019,4-2019
95,2019-04-06,485,4,2019,4-2019
96,2019-04-07,547,4,2019,4-2019
97,2019-04-08,624,4,2019,4-2019
98,2019-04-09,687,4,2019,4-2019
99,2019-04-10,676,4,2019,4-2019
100,2019-04-11,714,4,2019,4-2019
101,2019-04-12,602,4,2019,4-2019
102,2019-04-13,557,4,2019,4-2019
103,2019-04-14,489,4,2019,4-2019
104,2019-04-15,644,4,2019,4-2019
105,2019-04-16,583,4,2019,4-2019
106,2019-04-17,767,4,2019,4-2019
107,2019-04-18,646,4,2019,4-2019
108,2019-04-19,616,4,2019,4-2019
109,2019-04-20,489,4,2019,4-2019
110,2019-04-21,360,4,2019,4-2019
111,2019-04-22,778,4,2019,4-2019
112,2019-04-23,630,4,2019,4-2019
113,2019-04-24,539,4,2019,4-2019
114,2019-04-25,634,4,2019,4-2019
115,2019-04-26,607,4,2019,4-2019
116,2019-04-27,456,4,2019,4-2019
117,2019-04-28,603,4,2019,4-2019
118,2019-04-29,579,4,2019,4-2019
119,2019-04-30,525,4,2019,4-2019
120,2019-05-01,586,5,2019,5-2019
121,2019-05-02,636,5,2019,5-2019
122,2019-05-03,698,5,2019,5-2019
123,2019-05-04,547,5,2019,5-2019
124,2019-05-05,493,5,2019,5-2019
125,2019-05-06,631,5,2019,5-2019
126,2019-05-07,526,5,2019,5-2019
127,2019-05-08,631,5,2019,5-2019
128,2019-05-09,636,5,2019,5-2019
129,2019-05-10,608,5,2019,5-2019
130,2019-05-11,559,5,2019,5-2019
131,2019-05-12,446,5,2019,5-2019
132,2019-05-13,619,5,2019,5-2019
133,2019-05-14,652,5,2019,5-2019
134,2019-05-15,672,5,2019,5-2019
135,2019-05-16,530,5,2019,5-2019
136,2019-05-17,660,5,2019,5-2019
137,2019-05-18,504,5,2019,5-2019
138,2019-05-19,341,5,2019,5-2019
139,2019-05-20,622,5,2019,5-2019
140,2019-05-21,599,5,2019,5-2019
141,2019-05-22,579,5,2019,5-2019
142,2019-05-23,521,5,2019,5-2019
143,2019-05-24,580,5,2019,5-2019
144,2019-05-25,678,5,2019,5-2019
145,2019-05-26,326,5,2019,5-2019
146,2019-05-27,625,5,2019,5-2019
147,2019-05-28,694,5,2019,5-2019
148,2019-05-29,672,5,2019,5-2019
149,2019-05-30,766,5,2019,5-2019
150,2019-05-31,810,5,2019,5-2019
151,2019-06-01,650,6,2019,6-2019
152,2019-06-02,574,6,2019,6-2019
153,2019-06-03,719,6,2019,6-2019
154,2019-06-04,804,6,2019,6-2019
155,2019-06-05,770,6,2019,6-2019
156,2019-06-06,831,6,2019,6-2019
157,2019-06-07,855,6,2019,6-2019
158,2019-06-08,828,6,2019,6-2019
159,2019-06-09,794,6,2019,6-2019
160,2019-06-10,846,6,2019,6-2019
161,2019-06-11,895,6,2019,6-2019
162,2019-06-12,908,6,2019,6-2019
163,2019-06-13,929,6,2019,6-2019
164,2019-06-14,932,6,2019,6-2019
165,2019-06-15,745,6,2019,6-2019
166,2019-06-16,703,6,2019,6-2019
167,2019-06-17,934,6,2019,6-2019
168,2019-06-18,906,6,2019,6-2019
169,2019-06-19,992,6,2019,6-2019
170,2019-06-20,1025,6,2019,6-2019
171,2019-06-21,1031,6,2019,6-2019
172,2019-06-22,931,6,2019,6-2019
173,2019-06-23,912,6,2019,6-2019
174,2019-06-24,1028,6,2019,6-2019
175,2019-06-25,975,6,2019,6-2019
176,2019-06-26,929,6,2019,6-2019
177,2019-06-27,1084,6,2019,6-2019
178,2019-06-28,992,6,2019,6-2019
179,2019-06-29,786,6,2019,6-2019
180,2019-06-30,815,6,2019,6-2019
181,2019-07-01,903,7,2019,7-2019
182,2019-07-02,984,7,2019,7-2019
183,2019-07-03,946,7,2019,7-2019
184,2019-07-04,955,7,2019,7-2019
185,2019-07-05,865,7,2019,7-2019
186,2019-07-06,708,7,2019,7-2019
187,2019-07-07,762,7,2019,7-2019
188,2019-07-08,849,7,2019,7-2019
189,2019-07-09,917,7,2019,7-2019
190,2019-07-10,866,7,2019,7-2019
191,2019-07-11,948,7,2019,7-2019
192,2019-07-12,835,7,2019,7-2019
193,2019-07-13,696,7,2019,7-2019
194,2019-07-14,755,7,2019,7-2019
195,2019-07-15,945,7,2019,7-2019
196,2019-07-16,1020,7,2019,7-2019
197,2019-07-17,989,7,2019,7-2019
198,2019-07-18,1017,7,2019,7-2019
199,2019-07-19,936,7,2019,7-2019
200,2019-07-20,837,7,2019,7-2019
201,2019-07-21,772,7,2019,7-2019
202,2019-07-22,1003,7,2019,7-2019
203,2019-07-23,972,7,2019,7-2019
204,2019-07-24,941,7,2019,7-2019
205,2019-07-25,979,7,2019,7-2019
206,2019-07-26,961,7,2019,7-2019
207,2019-07-27,737,7,2019,7-2019
208,2019-07-28,724,7,2019,7-2019
209,2019-07-29,973,7,2019,7-2019
210,2019-07-30,1050,7,2019,7-2019
211,2019-07-31,922,7,2019,7-2019
212,2019-08-01,988,8,2019,8-2019
213,2019-08-02,1079,8,2019,8-2019
214,2019-08-03,851,8,2019,8-2019
215,2019-08-04,695,8,2019,8-2019
216,2019-08-05,957,8,2019,8-2019
217,2019-08-06,1157,8,2019,8-2019
218,2019-08-07,983,8,2019,8-2019
219,2019-08-08,1076,8,2019,8-2019
220,2019-08-09,1062,8,2019,8-2019
221,2019-08-10,771,8,2019,8-2019
222,2019-08-11,835,8,2019,8-2019
223,2019-08-12,991,8,2019,8-2019
224,2019-08-13,1118,8,2019,8-2019
225,2019-08-14,997,8,2019,8-2019
226,2019-08-15,1067,8,2019,8-2019
227,2019-08-16,1052,8,2019,8-2019
228,2019-08-17,919,8,2019,8-2019
229,2019-08-18,1310,8,2019,8-2019
230,2019-08-19,953,8,2019,8-2019
231,2019-08-20,1152,8,2019,8-2019
232,2019-08-21,1188,8,2019,8-2019
233,2019-08-22,1220,8,2019,8-2019
234,2019-08-23,1173,8,2019,8-2019
235,2019-08-24,980,8,2019,8-2019
236,2019-08-25,870,8,2019,8-2019
237,2019-08-26,1055,8,2019,8-2019
238,2019-08-27,1143,8,2019,8-2019
239,2019-08-28,1013,8,2019,8-2019
240,2019-08-29,1061,8,2019,8-2019
241,2019-08-30,1102,8,2019,8-2019
242,2019-08-31,841,8,2019,8-2019
243,2019-09-01,937,9,2019,9-2019
244,2019-09-02,858,9,2019,9-2019
245,2019-09-03,1013,9,2019,9-2019
246,2019-09-04,1019,9,2019,9-2019
247,2019-09-05,1057,9,2019,9-2019
248,2019-09-06,1100,9,2019,9-2019
249,2019-09-07,935,9,2019,9-2019
250,2019-09-08,872,9,2019,9-2019
251,2019-09-09,972,9,2019,9-2019
252,2019-09-10,1125,9,2019,9-2019
253,2019-09-11,1014,9,2019,9-2019
254,2019-09-12,1049,9,2019,9-2019
255,2019-09-13,1048,9,2019,9-2019
256,2019-09-14,891,9,2019,9-2019
257,2019-09-15,788,9,2019,9-2019
258,2019-09-16,1028,9,2019,9-2019
259,2019-09-17,1147,9,2019,9-2019
260,2019-09-18,1226,9,2019,9-2019
261,2019-09-19,972,9,2019,9-2019
262,2019-09-20,1141,9,2019,9-2019
263,2019-09-21,906,9,2019,9-2019
264,2019-09-22,979,9,2019,9-2019
265,2019-09-23,1055,9,2019,9-2019
266,2019-09-24,962,9,2019,9-2019
267,2019-09-25,1129,9,2019,9-2019
268,2019-09-26,1081,9,2019,9-2019
269,2019-09-27,998,9,2019,9-2019
270,2019-09-28,698,9,2019,9-2019
271,2019-09-29,757,9,2019,9-2019
272,2019-09-30,919,9,2019,9-2019
273,2019-10-01,909,10,2019,10-2019
274,2019-10-02,936,10,2019,10-2019
275,2019-10-03,984,10,2019,10-2019
276,2019-10-04,978,10,2019,10-2019
277,2019-10-05,782,10,2019,10-2019
278,2019-10-06,2247,10,2019,10-2019
279,2019-10-07,970,10,2019,10-2019
280,2019-10-08,957,10,2019,10-2019
281,2019-10-09,955,10,2019,10-2019
282,2019-10-10,1027,10,2019,10-2019
283,2019-10-11,906,10,2019,10-2019
284,2019-10-12,659,10,2019,10-2019
285,2019-10-13,758,10,2019,10-2019
286,2019-10-14,782,10,2019,10-2019
287,2019-10-15,914,10,2019,10-2019
288,2019-10-16,982,10,2019,10-2019
289,2019-10-17,962,10,2019,10-2019
290,2019-10-18,1021,10,2019,10-2019
291,2019-10-19,722,10,2019,10-2019
292,2019-10-20,696,10,2019,10-2019
293,2019-10-21,995,10,2019,10-2019
294,2019-10-22,960,10,2019,10-2019
295,2019-10-23,978,10,2019,10-2019
296,2019-10-24,960,10,2019,10-2019
297,2019-10-25,893,10,2019,10-2019
298,2019-10-26,724,10,2019,10-2019
299,2019-10-27,722,10,2019,10-2019
300,2019-10-28,940,10,2019,10-2019
301,2019-10-29,1036,10,2019,10-2019
302,2019-10-30,952,10,2019,10-2019
303,2019-10-31,897,10,2019,10-2019
304,2019-11-01,893,11,2019,11-2019
305,2019-11-02,755,11,2019,11-2019
306,2019-11-03,656,11,2019,11-2019
307,2019-11-04,945,11,2019,11-2019
308,2019-11-05,841,11,2019,11-2019
309,2019-11-06,953,11,2019,11-2019
310,2019-11-07,875,11,2019,11-2019
311,2019-11-08,980,11,2019,11-2019
312,2019-11-09,629,11,2019,11-2019
313,2019-11-10,589,11,2019,11-2019
314,2019-11-11,773,11,2019,11-2019
315,2019-11-12,895,11,2019,11-2019
316,2019-11-13,913,11,2019,11-2019
317,2019-11-14,977,11,2019,11-2019
318,2019-11-15,935,11,2019,11-2019
319,2019-11-16,681,11,2019,11-2019
320,2019-11-17,713,11,2019,11-2019
321,2019-11-18,931,11,2019,11-2019
322,2019-11-19,915,11,2019,11-2019
323,2019-11-20,595,11,2019,11-2019
324,2019-11-21,1008,11,2019,11-2019
325,2019-11-22,979,11,2019,11-2019
326,2019-11-23,776,11,2019,11-2019
327,2019-11-24,627,11,2019,11-2019
328,2019-11-25,1021,11,2019,11-2019
329,2019-11-26,1010,11,2019,11-2019
330,2019-11-27,363,11,2019,11-2019
331,2019-11-28,107,11,2019,11-2019
332,2019-11-29,533,11,2019,11-2019
333,2019-11-30,475,11,2019,11-2019
334,2019-12-01,565,12,2019,12-2019
335,2019-12-02,800,12,2019,12-2019
336,2019-12-03,845,12,2019,12-2019
337,2019-12-04,504,12,2019,12-2019
338,2019-12-05,909,12,2019,12-2019
339,2019-12-06,760,12,2019,12-2019
340,2019-12-07,552,12,2019,12-2019
341,2019-12-08,418,12,2019,12-2019
342,2019-12-09,770,12,2019,12-2019
343,2019-12-10,858,12,2019,12-2019
344,2019-12-11,821,12,2019,12-2019
345,2019-12-12,963,12,2019,12-2019
346,2019-12-13,926,12,2019,12-2019
347,2019-12-14,624,12,2019,12-2019
348,2019-12-15,487,12,2019,12-2019
349,2019-12-16,793,12,2019,12-2019
350,2019-12-17,882,12,2019,12-2019
351,2019-12-18,876,12,2019,12-2019
352,2019-12-19,886,12,2019,12-2019
353,2019-12-20,850,12,2019,12-2019
354,2019-12-21,602,12,2019,12-2019
355,2019-12-22,463,12,2019,12-2019
356,2019-12-23,410,12,2019,12-2019
357,2019-12-24,523,12,2019,12-2019
358,2019-12-25,316,12,2019,12-2019
359,2019-12-26,479,12,2019,12-2019
360,2019-12-27,718,12,2019,12-2019
361,2019-12-28,657,12,2019,12-2019
362,2019-12-29,554,12,2019,12-2019
363,2019-12-30,823,12,2019,12-2019
364,2019-12-31,820,12,2019,12-2019
365,2020-01-01,557,1,2020,1-2020
366,2020-01-02,876,1,2020,1-2020
367,2020-01-03,954,1,2020,1-2020
368,2020-01-04,673,1,2020,1-2020
369,2020-01-05,611,1,2020,1-2020
370,2020-01-06,946,1,2020,1-2020
371,2020-01-07,952,1,2020,1-2020
372,2020-01-08,959,1,2020,1-2020
373,2020-01-09,886,1,2020,1-2020
374,2020-01-10,1127,1,2020,1-2020
375,2020-01-11,701,1,2020,1-2020
376,2020-01-12,668,1,2020,1-2020
377,2020-01-13,1019,1,2020,1-2020
378,2020-01-14,932,1,2020,1-2020
379,2020-01-15,885,1,2020,1-2020
380,2020-01-16,967,1,2020,1-2020
381,2020-01-17,985,1,2020,1-2020
382,2020-01-18,812,1,2020,1-2020
383,2020-01-19,696,1,2020,1-2020
384,2020-01-20,700,1,2020,1-2020
385,2020-01-21,881,1,2020,1-2020
386,2020-01-22,884,1,2020,1-2020
387,2020-01-23,1006,1,2020,1-2020
388,2020-01-24,1093,1,2020,1-2020
389,2020-01-25,782,1,2020,1-2020
390,2020-01-26,675,1,2020,1-2020
391,2020-01-27,1055,1,2020,1-2020
392,2020-01-28,1120,1,2020,1-2020
393,2020-01-29,1094,1,2020,1-2020
394,2020-01-30,1073,1,2020,1-2020
395,2020-01-31,1039,1,2020,1-2020
396,2020-02-01,777,2,2020,2-2020
397,2020-02-02,655,2,2020,2-2020
398,2020-02-03,808,2,2020,2-2020
399,2020-02-04,913,2,2020,2-2020
400,2020-02-05,1022,2,2020,2-2020
401,2020-02-06,1056,2,2020,2-2020
402,2020-02-07,1005,2,2020,2-2020
403,2020-02-08,718,2,2020,2-2020
404,2020-02-09,539,2,2020,2-2020
405,2020-02-10,948,2,2020,2-2020
406,2020-02-11,964,2,2020,2-2020
407,2020-02-12,1026,2,2020,2-2020
408,2020-02-13,1123,2,2020,2-2020
409,2020-02-14,1041,2,2020,2-2020
410,2020-02-15,873,2,2020,2-2020
411,2020-02-16,860,2,2020,2-2020
412,2020-02-17,731,2,2020,2-2020
413,2020-02-18,1012,2,2020,2-2020
414,2020-02-19,1031,2,2020,2-2020
415,2020-02-20,1134,2,2020,2-2020
416,2020-02-21,1220,2,2020,2-2020
417,2020-02-22,787,2,2020,2-2020
418,2020-02-23,1018,2,2020,2-2020
419,2020-02-24,982,2,2020,2-2020
420,2020-02-25,1202,2,2020,2-2020
421,2020-02-26,1284,2,2020,2-2020
422,2020-02-27,1212,2,2020,2-2020
423,2020-02-28,1184,2,2020,2-2020
424,2020-02-29,953,2,2020,2-2020
425,2020-03-01,632,3,2020,3-2020
426,2020-03-02,1015,3,2020,3-2020
427,2020-03-03,1172,3,2020,3-2020
428,2020-03-04,1042,3,2020,3-2020
429,2020-03-05,1091,3,2020,3-2020
430,2020-03-06,1083,3,2020,3-2020
431,2020-03-07,795,3,2020,3-2020
432,2020-03-08,752,3,2020,3-2020
433,2020-03-09,935,3,2020,3-2020
434,2020-03-10,560,3,2020,3-2020
435,2020-03-11,929,3,2020,3-2020
436,2020-03-12,491,3,2020,3-2020
437,2020-03-13,487,3,2020,3-2020
438,2020-03-14,340,3,2020,3-2020
439,2020-03-15,519,3,2020,3-2020
440,2020-03-16,334,3,2020,3-2020
441,2020-03-17,492,3,2020,3-2020
442,2020-03-18,565,3,2020,3-2020
443,2020-03-19,492,3,2020,3-2020
444,2020-03-20,510,3,2020,3-2020
445,2020-03-21,511,3,2020,3-2020
446,2020-03-22,380,3,2020,3-2020
447,2020-03-23,377,3,2020,3-2020
448,2020-03-24,392,3,2020,3-2020
449,2020-03-25,391,3,2020,3-2020
450,2020-03-26,436,3,2020,3-2020
451,2020-03-27,448,3,2020,3-2020
452,2020-03-28,468,3,2020,3-2020
453,2020-03-29,402,3,2020,3-2020
454,2020-03-30,424,3,2020,3-2020
455,2020-03-31,473,3,2020,3-2020
456,2020-04-01,537,4,2020,4-2020
457,2020-04-02,563,4,2020,4-2020
458,2020-04-03,580,4,2020,4-2020
459,2020-04-04,624,4,2020,4-2020
460,2020-04-05,446,4,2020,4-2020
461,2020-04-06,288,4,2020,4-2020
462,2020-04-07,325,4,2020,4-2020
463,2020-04-08,436,4,2020,4-2020
464,2020-04-09,111,4,2020,4-2020
465,2020-04-10,370,4,2020,4-2020
466,2020-04-11,669,4,2020,4-2020
467,2020-04-12,423,4,2020,4-2020
468,2020-04-13,485,4,2020,4-2020
469,2020-04-14,503,4,2020,4-2020
470,2020-04-15,505,4,2020,4-2020
471,2020-04-16,529,4,2020,4-2020
472,2020-04-17,630,4,2020,4-2020
473,2020-04-18,518,4,2020,4-2020
474,2020-04-19,639,4,2020,4-2020
475,2020-04-20,532,4,2020,4-2020
476,2020-04-21,608,4,2020,4-2020
477,2020-04-22,598,4,2020,4-2020
478,2020-04-23,657,4,2020,4-2020
479,2020-04-24,562,4,2020,4-2020
480,2020-04-25,669,4,2020,4-2020
481,2020-04-26,639,4,2020,4-2020
482,2020-04-27,600,4,2020,4-2020
483,2020-04-28,594,4,2020,4-2020
484,2020-04-29,592,4,2020,4-2020
485,2020-04-30,599,4,2020,4-2020
486,2020-05-01,679,5,2020,5-2020
487,2020-05-02,875,5,2020,5-2020
488,2020-05-03,675,5,2020,5-2020
489,2020-05-04,629,5,2020,5-2020
490,2020-05-05,627,5,2020,5-2020
491,2020-05-06,574,5,2020,5-2020
492,2020-05-07,622,5,2020,5-2020
493,2020-05-08,621,5,2020,5-2020
494,2020-05-09,841,5,2020,5-2020
495,2020-05-10,738,5,2020,5-2020
496,2020-05-11,543,5,2020,5-2020
497,2020-05-12,512,5,2020,5-2020
498,2020-05-13,604,5,2020,5-2020
499,2020-05-14,779,5,2020,5-2020
500,2020-05-15,731,5,2020,5-2020
501,2020-05-16,858,5,2020,5-2020
502,2020-05-17,727,5,2020,5-2020
503,2020-05-18,318,5,2020,5-2020
504,2020-05-19,590,5,2020,5-2020
505,2020-05-20,585,5,2020,5-2020
506,2020-05-21,712,5,2020,5-2020
507,2020-05-22,733,5,2020,5-2020
508,2020-05-23,877,5,2020,5-2020
509,2020-05-24,884,5,2020,5-2020
510,2020-05-25,769,5,2020,5-2020
511,2020-05-26,556,5,2020,5-2020
512,2020-05-27,603,5,2020,5-2020
513,2020-05-28,599,5,2020,5-2020
514,2020-05-29,618,5,2020,5-2020
515,2020-05-30,725,5,2020,5-2020
516,2020-05-31,499,5,2020,5-2020
517,2020-06-01,385,6,2020,6-2020
518,2020-06-02,553,6,2020,6-2020
519,2020-06-03,577,6,2020,6-2020
520,2020-06-04,646,6,2020,6-2020
521,2020-06-05,592,6,2020,6-2020
522,2020-06-06,768,6,2020,6-2020
523,2020-06-07,651,6,2020,6-2020
524,2020-06-08,476,6,2020,6-2020
525,2020-06-09,535,6,2020,6-2020
526,2020-06-10,443,6,2020,6-2020
527,2020-06-11,491,6,2020,6-2020
528,2020-06-12,553,6,2020,6-2020
529,2020-06-13,603,6,2020,6-2020
530,2020-06-14,565,6,2020,6-2020
531,2020-06-15,486,6,2020,6-2020
532,2020-06-16,534,6,2020,6-2020
533,2020-06-17,513,6,2020,6-2020
534,2020-06-18,532,6,2020,6-2020
535,2020-06-19,501,6,2020,6-2020
536,2020-06-20,593,6,2020,6-2020
537,2020-06-21,456,6,2020,6-2020
538,2020-06-22,463,6,2020,6-2020
539,2020-06-23,469,6,2020,6-2020
540,2020-06-24,495,6,2020,6-2020
541,2020-06-25,459,6,2020,6-2020
542,2020-06-26,506,6,2020,6-2020
543,2020-06-27,549,6,2020,6-2020
544,2020-06-28,470,6,2020,6-2020
545,2020-06-29,440,6,2020,6-2020
546,2020-06-30,498,6,2020,6-2020
547,2020-07-01,441,7,2020,7-2020
548,2020-07-02,499,7,2020,7-2020
549,2020-07-03,461,7,2020,7-2020
550,2020-07-04,511,7,2020,7-2020
551,2020-07-05,459,7,2020,7-2020
552,2020-07-06,443,7,2020,7-2020
553,2020-07-07,536,7,2020,7-2020
554,2020-07-08,503,7,2020,7-2020
555,2020-07-09,604,7,2020,7-2020
556,2020-07-10,515,7,2020,7-2020
557,2020-07-11,468,7,2020,7-2020
558,2020-07-12,516,7,2020,7-2020
559,2020-07-13,447,7,2020,7-2020
560,2020-07-14,555,7,2020,7-2020
561,2020-07-15,495,7,2020,7-2020
562,2020-07-16,567,7,2020,7-2020
563,2020-07-17,562,7,2020,7-2020
564,2020-07-18,672,7,2020,7-2020
565,2020-07-19,604,7,2020,7-2020
566,2020-07-20,502,7,2020,7-2020
567,2020-07-21,480,7,2020,7-2020
568,2020-07-22,460,7,2020,7-2020
569,2020-07-23,520,7,2020,7-2020
570,2020-07-24,515,7,2020,7-2020
571,2020-07-25,600,7,2020,7-2020
572,2020-07-26,530,7,2020,7-2020
573,2020-07-27,455,7,2020,7-2020
574,2020-07-28,401,7,2020,7-2020
575,2020-07-29,412,7,2020,7-2020
576,2020-07-30,480,7,2020,7-2020
577,2020-07-31,573,7,2020,7-2020
578,2020-08-01,546,8,2020,8-2020
579,2020-08-02,472,8,2020,8-2020
580,2020-08-03,420,8,2020,8-2020
581,2020-08-04,449,8,2020,8-2020
582,2020-08-05,426,8,2020,8-2020
583,2020-08-06,414,8,2020,8-2020
584,2020-08-07,487,8,2020,8-2020
585,2020-08-08,586,8,2020,8-2020
586,2020-08-09,541,8,2020,8-2020
587,2020-08-10,495,8,2020,8-2020
588,2020-08-11,438,8,2020,8-2020
589,2020-08-12,435,8,2020,8-2020
590,2020-08-13,501,8,2020,8-2020
591,2020-08-14,455,8,2020,8-2020
592,2020-08-15,485,8,2020,8-2020
593,2020-08-16,377,8,2020,8-2020
594,2020-08-17,314,8,2020,8-2020
595,2020-08-18,352,8,2020,8-2020
596,2020-08-19,389,8,2020,8-2020
597,2020-08-20,328,8,2020,8-2020
598,2020-08-21,427,8,2020,8-2020
599,2020-08-22,396,8,2020,8-2020
600,2020-08-23,466,8,2020,8-2020
601,2020-08-24,356,8,2020,8-2020
602,2020-08-25,308,8,2020,8-2020
603,2020-08-26,362,8,2020,8-2020
604,2020-08-27,353,8,2020,8-2020
605,2020-08-28,432,8,2020,8-2020
606,2020-08-29,435,8,2020,8-2020
607,2020-08-30,435,8,2020,8-2020
608,2020-08-31,282,8,2020,8-2020
609,2020-09-01,392,9,2020,9-2020
610,2020-09-02,384,9,2020,9-2020
611,2020-09-03,370,9,2020,9-2020
612,2020-09-04,405,9,2020,9-2020
613,2020-09-05,334,9,2020,9-2020
614,2020-09-06,238,9,2020,9-2020
615,2020-09-07,345,9,2020,9-2020
616,2020-09-08,356,9,2020,9-2020
617,2020-09-09,397,9,2020,9-2020
618,2020-09-10,348,9,2020,9-2020
619,2020-09-11,363,9,2020,9-2020
620,2020-09-12,316,9,2020,9-2020
621,2020-09-13,268,9,2020,9-2020
622,2020-09-14,344,9,2020,9-2020
623,2020-09-15,324,9,2020,9-2020
624,2020-09-16,323,9,2020,9-2020
625,2020-09-17,347,9,2020,9-2020
626,2020-09-18,437,9,2020,9-2020
627,2020-09-19,455,9,2020,9-2020
628,2020-09-20,351,9,2020,9-2020
629,2020-09-21,381,9,2020,9-2020
630,2020-09-22,444,9,2020,9-2020
631,2020-09-23,398,9,2020,9-2020
632,2020-09-24,394,9,2020,9-2020
633,2020-09-25,466,9,2020,9-2020
634,2020-09-26,517,9,2020,9-2020
635,2020-09-27,348,9,2020,9-2020
636,2020-09-28,372,9,2020,9-2020
637,2020-09-29,355,9,2020,9-2020
638,2020-09-30,329,9,2020,9-2020
639,2020-10-01,288,10,2020,10-2020
640,2020-10-02,339,10,2020,10-2020
641,2020-10-03,404,10,2020,10-2020
642,2020-10-04,410,10,2020,10-2020
643,2020-10-05,323,10,2020,10-2020
644,2020-10-06,323,10,2020,10-2020
645,2020-10-07,299,10,2020,10-2020
646,2020-10-08,393,10,2020,10-2020
647,2020-10-09,451,10,2020,10-2020
648,2020-10-10,426,10,2020,10-2020
649,2020-10-11,380,10,2020,10-2020
650,2020-10-12,364,10,2020,10-2020
651,2020-10-13,355,10,2020,10-2020
652,2020-10-14,368,10,2020,10-2020
653,2020-10-15,330,10,2020,10-2020
654,2020-10-16,341,10,2020,10-2020
655,2020-10-17,412,10,2020,10-2020
656,2020-10-18,335,10,2020,10-2020
657,2020-10-19,322,10,2020,10-2020
658,2020-10-20,362,10,2020,10-2020
659,2020-10-21,356,10,2020,10-2020
660,2020-10-22,441,10,2020,10-2020
661,2020-10-23,452,10,2020,10-2020
662,2020-10-24,561,10,2020,10-2020
663,2020-10-25,449,10,2020,10-2020
664,2020-10-26,506,10,2020,10-2020
665,2020-10-27,533,10,2020,10-2020
666,2020-10-28,464,10,2020,10-2020
667,2020-10-29,481,10,2020,10-2020
668,2020-10-30,462,10,2020,10-2020
669,2020-10-31,496,10,2020,10-2020
670,2020-11-01,444,11,2020,11-2020
671,2020-11-02,432,11,2020,11-2020
672,2020-11-03,494,11,2020,11-2020
673,2020-11-04,400,11,2020,11-2020
674,2020-11-05,387,11,2020,11-2020
675,2020-11-06,422,11,2020,11-2020
676,2020-11-07,380,11,2020,11-2020
677,2020-11-08,352,11,2020,11-2020
678,2020-11-09,351,11,2020,11-2020
679,2020-11-10,404,11,2020,11-2020
680,2020-11-11,464,11,2020,11-2020
681,2020-11-12,282,11,2020,11-2020
682,2020-11-13,408,11,2020,11-2020
683,2020-11-14,488,11,2020,11-2020
684,2020-11-15,513,11,2020,11-2020
685,2020-11-16,360,11,2020,11-2020
686,2020-11-17,382,11,2020,11-2020
687,2020-11-18,303,11,2020,11-2020
688,2020-11-19,362,11,2020,11-2020
689,2020-11-20,378,11,2020,11-2020
690,2020-11-21,516,11,2020,11-2020
691,2020-11-22,436,11,2020,11-2020
692,2020-11-23,337,11,2020,11-2020
693,2020-11-24,432,11,2020,11-2020
694,2020-11-25,387,11,2020,11-2020
695,2020-11-26,322,11,2020,11-2020
696,2020-11-27,422,11,2020,11-2020
697,2020-11-28,447,11,2020,11-2020
698,2020-11-29,468,11,2020,11-2020
699,2020-11-30,403,11,2020,11-2020
700,2020-12-01,429,12,2020,12-2020
701,2020-12-02,404,12,2020,12-2020
702,2020-12-03,299,12,2020,12-2020
703,2020-12-04,418,12,2020,12-2020
704,2020-12-05,445,12,2020,12-2020
705,2020-12-06,465,12,2020,12-2020
706,2020-12-07,395,12,2020,12-2020
707,2020-12-08,394,12,2020,12-2020
708,2020-12-09,422,12,2020,12-2020
709,2020-12-10,363,12,2020,12-2020
710,2020-12-11,347,12,2020,12-2020
711,2020-12-12,528,12,2020,12-2020
712,2020-12-13,486,12,2020,12-2020
713,2020-12-14,305,12,2020,12-2020
714,2020-12-15,410,12,2020,12-2020
715,2020-12-16,376,12,2020,12-2020
716,2020-12-17,338,12,2020,12-2020
717,2020-12-18,414,12,2020,12-2020
718,2020-12-19,475,12,2020,12-2020
719,2020-12-20,440,12,2020,12-2020
720,2020-12-21,415,12,2020,12-2020
721,2020-12-22,442,12,2020,12-2020
722,2020-12-23,380,12,2020,12-2020
723,2020-12-24,259,12,2020,12-2020
724,2020-12-25,382,12,2020,12-2020
725,2020-12-26,468,12,2020,12-2020
726,2020-12-27,468,12,2020,12-2020
727,2020-12-28,102,12,2020,12-2020
728,2020-12-29,418,12,2020,12-2020
729,2020-12-30,397,12,2020,12-2020
730,2020-12-31,423,12,2020,12-2020
731,2021-01-01,417,1,2021,1-2021
732,2021-01-02,419,1,2021,1-2021
733,2021-01-03,420,1,2021,1-2021
734,2021-01-04,291,1,2021,1-2021
735,2021-01-05,271,1,2021,1-2021
736,2021-01-06,383,1,2021,1-2021
737,2021-01-07,329,1,2021,1-2021
738,2021-01-08,332,1,2021,1-2021
739,2021-01-09,487,1,2021,1-2021
740,2021-01-10,405,1,2021,1-2021
741,2021-01-11,319,1,2021,1-2021
742,2021-01-12,352,1,2021,1-2021
743,2021-01-13,433,1,2021,1-2021
744,2021-01-14,390,1,2021,1-2021
745,2021-01-15,436,1,2021,1-2021
746,2021-01-16,652,1,2021,1-2021
747,2021-01-17,633,1,2021,1-2021
748,2021-01-18,495,1,2021,1-2021
749,2021-01-19,359,1,2021,1-2021
750,2021-01-20,458,1,2021,1-2021
751,2021-01-21,414,1,2021,1-2021
752,2021-01-22,362,1,2021,1-2021
753,2021-01-23,176,1,2021,1-2021
754,2021-01-24,441,1,2021,1-2021
755,2021-01-25,249,1,2021,1-2021
756,2021-01-26,307,1,2021,1-2021
757,2021-01-27,289,1,2021,1-2021
758,2021-01-28,340,1,2021,1-2021
759,2021-01-29,211,1,2021,1-2021
760,2021-01-30,587,1,2021,1-2021
761,2021-01-31,565,1,2021,1-2021
762,2021-02-01,405,2,2021,2-2021
763,2021-02-02,404,2,2021,2-2021
764,2021-02-03,373,2,2021,2-2021
765,2021-02-04,472,2,2021,2-2021
766,2021-02-05,486,2,2021,2-2021
767,2021-02-06,589,2,2021,2-2021
768,2021-02-07,537,2,2021,2-2021
769,2021-02-08,368,2,2021,2-2021
770,2021-02-09,387,2,2021,2-2021
771,2021-02-10,432,2,2021,2-2021
772,2021-02-11,414,2,2021,2-2021
773,2021-02-12,443,2,2021,2-2021
774,2021-02-13,546,2,2021,2-2021
775,2021-02-14,599,2,2021,2-2021
776,2021-02-15,440,2,2021,2-2021
777,2021-02-16,427,2,2021,2-2021
778,2021-02-17,405,2,2021,2-2021
779,2021-02-18,448,2,2021,2-2021
780,2021-02-19,432,2,2021,2-2021
781,2021-02-20,587,2,2021,2-2021
782,2021-02-21,625,2,2021,2-2021
783,2021-02-22,383,2,2021,2-2021
784,2021-02-23,447,2,2021,2-2021
785,2021-02-24,432,2,2021,2-2021
786,2021-02-25,470,2,2021,2-2021
787,2021-02-26,401,2,2021,2-2021
788,2021-02-27,667,2,2021,2-2021
789,2021-02-28,581,2,2021,2-2021
790,2021-03-01,403,3,2021,3-2021
791,2021-03-02,390,3,2021,3-2021
792,2021-03-03,210,3,2021,3-2021
793,2021-03-04,451,3,2021,3-2021
794,2021-03-05,412,3,2021,3-2021
795,2021-03-06,636,3,2021,3-2021
796,2021-03-07,495,3,2021,3-2021
797,2021-03-08,374,3,2021,3-2021
798,2021-03-09,356,3,2021,3-2021
799,2021-03-10,221,3,2021,3-2021
800,2021-03-11,324,3,2021,3-2021
801,2021-03-12,366,3,2021,3-2021
802,2021-03-13,679,3,2021,3-2021
803,2021-03-14,572,3,2021,3-2021
804,2021-03-15,221,3,2021,3-2021
805,2021-03-16,461,3,2021,3-2021
806,2021-03-17,429,3,2021,3-2021
807,2021-03-18,433,3,2021,3-2021
808,2021-03-19,431,3,2021,3-2021
809,2021-03-20,700,3,2021,3-2021
810,2021-03-21,631,3,2021,3-2021
811,2021-03-22,422,3,2021,3-2021
812,2021-03-23,495,3,2021,3-2021
813,2021-03-24,462,3,2021,3-2021
814,2021-03-25,404,3,2021,3-2021
815,2021-03-26,431,3,2021,3-2021
816,2021-03-27,719,3,2021,3-2021
817,2021-03-28,695,3,2021,3-2021
818,2021-03-29,478,3,2021,3-2021
819,2021-03-30,487,3,2021,3-2021
820,2021-03-31,541,3,2021,3-2021
